<?xml version="1.0" encoding="UTF-8"?>
<project-private xmlns="http://www.netbeans.org/ns/project-private/1">
    <editor-bookmarks xmlns="http://www.netbeans.org/ns/editor-bookmarks/2" lastBookmarkId="0"/>
    <open-files xmlns="http://www.netbeans.org/ns/projectui-open-files/2">
        <group>
            <file>file:/Users/mario/Desktop/SIT3FINAL/SIT3-Java/web/esqueci_senha.jsp</file>
            <file>file:/Users/mario/Desktop/SIT3FINAL/SIT3-Java/web/relacao_medico_hospital.jsp</file>
            <file>file:/Users/mario/Desktop/SIT3FINAL/SIT3-Java/web/index.jsp</file>
            <file>file:/Users/mario/Desktop/SIT3FINAL/SIT3-Java/web/consulta_medicos.jsp</file>
            <file>file:/Users/mario/Desktop/SIT3FINAL/SIT3-Java/src/java/hospitais/HospitalData.java</file>
            <file>file:/Users/mario/Desktop/SIT3FINAL/SIT3-Java/src/java/planosdesaude/PlanoDeSaudeData.java</file>
            <file>file:/Users/mario/Desktop/SIT3FINAL/SIT3-Java/src/java/googlemaps/TravelTimeDistance.java</file>
            <file>file:/Users/mario/Desktop/SIT3FINAL/SIT3-Java/src/java/planosdesaude/PlanoDeSaude.java</file>
            <file>file:/Users/mario/Desktop/SIT3FINAL/SIT3-Java/web/busca_emergencia.jsp</file>
            <file>file:/Users/mario/Desktop/SIT3FINAL/SIT3-Java/src/java/hospitais/Hospital.java</file>
            <file>file:/Users/mario/Desktop/SIT3FINAL/SIT3-Java/web/login.jsp</file>
            <file>file:/Users/mario/Desktop/SIT3FINAL/SIT3-Java/web/editar_usuario.jsp</file>
            <file>file:/Users/mario/Desktop/SIT3FINAL/SIT3-Java/web/confirmacao_validacao_comentario_hospital.jsp</file>
            <file>file:/Users/mario/Desktop/SIT3FINAL/SIT3-Java/web/excluir_usuario.jsp</file>
            <file>file:/Users/mario/Desktop/SIT3FINAL/SIT3-Java/web/ver_avaliacao_hospital_comentario.jsp</file>
            <file>file:/Users/mario/Desktop/SIT3FINAL/SIT3-Java/web/excluir_medico.jsp</file>
            <file>file:/Users/mario/Desktop/SIT3FINAL/SIT3-Java/web/relacao_hospital_plano.jsp</file>
            <file>file:/Users/mario/Desktop/SIT3FINAL/SIT3-Java/web/ver_avaliacao_medico_comentario.jsp</file>
            <file>file:/Users/mario/Desktop/SIT3FINAL/SIT3-Java/web/formulario_cadastro_medico.jsp</file>
            <file>file:/Users/mario/Desktop/SIT3FINAL/SIT3-Java/web/confirmacao_validacao_comentario_medico.jsp</file>
        </group>
    </open-files>
</project-private>
